file,classification,title,canonical_url,h1_count,article_element_count,stylesheet_references,analytics_presence,header_variant,navigation_variant,footer_variant,jsonld_types,obvious_malformed_html,literal_markdown_in_rendered_content,relative_link_style,phase1_included
404.html,utility/legal,404 – Page Not Found,,1,0,,False,missing,missing,missing,,True,False,root_relative,False
emergency-prep/72-hour-survival-basics.html,article,72-Hour Survival Basics: What You Need Ready Before Anything Happens,https://homeprotectionbasics.com/emergency-prep/72-hour-survival-basics.html,1,1,/style.css,True,standard,empty,standard,Article,False,False,root_relative,True
emergency-prep/after-disaster-reentry-basics.html,article,After-Disaster Reentry Basics: How to Return Home Safely,https://homeprotectionbasics.com/emergency-prep/after-disaster-reentry-basics.html,1,1,/style.css,True,standard,empty,standard,Article,False,False,root_relative,True
emergency-prep/avoiding-common-prep-mistakes.html,article,Avoiding Common Prep Mistakes: What Homeowners Get Wrong,https://homeprotectionbasics.com/emergency-prep/avoiding-common-prep-mistakes.html,1,1,/style.css,True,standard,empty,standard,Article,False,False,root_relative,True
emergency-prep/backup-lighting-options.html,article,Backup Lighting Options: Staying Lit During Outages,https://homeprotectionbasics.com/emergency-prep/backup-lighting-options.html,1,1,/style.css,True,standard,empty,standard,Article,False,False,root_relative,True
emergency-prep/backyard-fire-shelter-basics.html,article,Backyard Fire Shelter Basics: Buying Time in a Fast-Moving Fire,https://homeprotectionbasics.com/emergency-prep/backyard-fire-shelter-basics.html,1,1,/style.css,True,standard,empty,standard,Article,False,False,root_relative,True
emergency-prep/backyard-water-collection-basics.html,article,Backyard Water Collection Basics: Simple Ways to Capture Usable Water,https://homeprotectionbasics.com/emergency-prep/backyard-water-collection-basics.html,1,1,/style.css,True,standard,empty,standard,Article,False,False,root_relative,True
emergency-prep/basic-home-emergency-kit-list.html,article,Basic Home Emergency Kit List: The Gear Every Household Needs,https://homeprotectionbasics.com/emergency-prep/basic-home-emergency-kit-list.html,1,1,/style.css,True,standard,empty,standard,Article,False,False,root_relative,True
emergency-prep/bug-in-vs-bug-out-basics.html,article,Bug-In vs. Bug-Out Basics: How to Choose the Safer Option,https://homeprotectionbasics.com/emergency-prep/bug-in-vs-bug-out-basics.html,1,1,/style.css,True,standard,empty,standard,Article,False,False,root_relative,True
emergency-prep/car-emergency-kit-basics.html,article,Car Emergency Kit Basics: What Every Vehicle Should Carry,https://homeprotectionbasics.com/emergency-prep/car-emergency-kit-basics.html,1,1,/style.css,True,standard,empty,standard,Article,False,False,root_relative,True
emergency-prep/chemical-spill-preparedness.html,article,Chemical Spill Preparedness: Protecting Your Home and Lungs,https://homeprotectionbasics.com/emergency-prep/chemical-spill-preparedness.html,1,1,/style.css,True,standard,empty,standard,Article,False,False,root_relative,True
emergency-prep/communication-during-emergencies.html,article,Communication During Emergencies: Staying Connected When Systems Fail,https://homeprotectionbasics.com/emergency-prep/communication-during-emergencies.html,1,1,/style.css,True,standard,empty,standard,Article,False,False,root_relative,True
emergency-prep/earthquake-preparedness-basics.html,article,Earthquake Preparedness Basics: What Homeowners Actually Need to Do,https://homeprotectionbasics.com/emergency-prep/earthquake-preparedness-basics.html,1,1,/style.css,True,standard,empty,standard,Article,False,False,root_relative,True
emergency-prep/emergency-bike-prep-basics.html,article,Emergency Bike Prep Basics: Turning a Bicycle Into a Real Backup Option,https://homeprotectionbasics.com/emergency-prep/emergency-bike-prep-basics.html,1,1,/style.css,True,standard,empty,standard,Article,False,False,root_relative,True
emergency-prep/emergency-cash-storage-basics.html,article,Emergency Cash Storage Basics: Keeping Money Accessible and Safe,https://homeprotectionbasics.com/emergency-prep/emergency-cash-storage-basics.html,1,1,/style.css,True,standard,empty,standard,Article,False,False,root_relative,True
emergency-prep/emergency-cooking-basics.html,article,Emergency Cooking Basics: Safe Ways to Heat Food During Outages,https://homeprotectionbasics.com/emergency-prep/emergency-cooking-basics.html,1,1,/style.css,True,standard,empty,standard,Article,False,False,root_relative,True
emergency-prep/emergency-heating-options.html,article,Emergency Heating Options: Staying Warm Without Power,https://homeprotectionbasics.com/emergency-prep/emergency-heating-options.html,1,1,/style.css,True,standard,empty,standard,Article,False,False,root_relative,True
emergency-prep/emergency-radio-basics.html,article,Emergency Radio Basics: Staying Informed When the Grid Goes Down,https://homeprotectionbasics.com/emergency-prep/emergency-radio-basics.html,1,1,/style.css,True,standard,empty,standard,Article,False,False,root_relative,True
emergency-prep/emergency-sanitation-basics.html,article,Emergency Sanitation Basics: Staying Clean When the Water Stops,https://homeprotectionbasics.com/emergency-prep/emergency-sanitation-basics.html,1,1,/style.css,True,standard,empty,standard,Article,False,False,root_relative,True
emergency-prep/emergency-water-filtration-basics.html,article,Emergency Water Filtration Basics: Making Unsafe Water Drinkable,https://homeprotectionbasics.com/emergency-prep/emergency-water-filtration-basics.html,1,1,/style.css,True,standard,empty,standard,Article,False,False,root_relative,True
emergency-prep/evacuation-loading-priorities.html,article,Evacuation Loading Priorities: What to Grab First When Time Is Short,https://homeprotectionbasics.com/emergency-prep/evacuation-loading-priorities.html,1,1,/style.css,True,standard,empty,standard,Article,False,False,root_relative,True
emergency-prep/evacuation-route-planning.html,article,Evacuation Route Planning: The Fastest Path Out When Every Second Counts,https://homeprotectionbasics.com/emergency-prep/evacuation-route-planning.html,1,1,/style.css,True,standard,empty,standard,Article,False,False,root_relative,True
emergency-prep/extreme-cold-prep-basics.html,article,Extreme Cold Prep Basics: Staying Safe When Temperatures Plummet,https://homeprotectionbasics.com/emergency-prep/extreme-cold-prep-basics.html,1,1,/style.css,True,standard,empty,standard,Article,False,False,root_relative,True
emergency-prep/extreme-heat-prep-basics.html,article,Extreme Heat Prep Basics: Staying Safe When Temperatures Spike,https://homeprotectionbasics.com/emergency-prep/extreme-heat-prep-basics.html,1,1,/style.css,True,standard,empty,standard,Article,False,False,root_relative,True
emergency-prep/family-communication-plan-basics.html,article,Family Communication Plan Basics: Staying Connected During Emergencies,https://homeprotectionbasics.com/emergency-prep/family-communication-plan-basics.html,1,1,/style.css,True,standard,empty,standard,Article,False,False,root_relative,True
emergency-prep/flood-preparedness-basics.html,article,Flood Preparedness Basics: Protecting Your Home Before Waters Rise,https://homeprotectionbasics.com/emergency-prep/flood-preparedness-basics.html,1,1,/style.css,True,standard,empty,standard,Article,False,False,root_relative,True
emergency-prep/fuel-storage-safety-basics.html,article,Fuel Storage Safety Basics: Gas  Diesel  and Propane at Home,https://homeprotectionbasics.com/emergency-prep/fuel-storage-safety-basics.html,1,1,/style.css,True,standard,empty,standard,Article,False,False,root_relative,True
emergency-prep/go-bag-checklist.html,article,Go-Bag Checklist: What to Pack for Fast Evacuations,https://homeprotectionbasics.com/emergency-prep/go-bag-checklist.html,1,1,/style.css,True,standard,empty,standard,Article,False,False,root_relative,True
emergency-prep/home-first-aid-kit-basics.html,article,Home First Aid Kit Basics: What You Actually Need,https://homeprotectionbasics.com/emergency-prep/home-first-aid-kit-basics.html,1,1,/style.css,True,standard,empty,standard,Article,False,False,root_relative,True
emergency-prep/home-hazard-identification.html,article,Home Hazard Identification: Spotting Risks Before They Hurt You,https://homeprotectionbasics.com/emergency-prep/home-hazard-identification.html,1,1,/style.css,True,standard,empty,standard,Article,False,False,root_relative,True
emergency-prep/home-hazard-map-basics.html,article,Home Hazard Map Basics: Turning Risks Into a Clear Plan,https://homeprotectionbasics.com/emergency-prep/home-hazard-map-basics.html,1,1,/style.css,True,standard,empty,standard,Article,False,False,root_relative,True
emergency-prep/hurricane-preparedness-basics.html,article,Hurricane Preparedness Basics: Protecting Your Home Before the Storm,https://homeprotectionbasics.com/emergency-prep/hurricane-preparedness-basics.html,1,1,/style.css,True,standard,empty,standard,Article,False,False,root_relative,True
emergency-prep/index.html,category hub,Emergency Prep Basics: Kits  Hazards & Short-Term Survival,https://homeprotectionbasics.com/emergency-prep/,1,1,/style.css,True,standard,empty,standard,WebPage,False,False,root_relative,False
emergency-prep/medication-management-during-emergencies.html,article,Medication Management During Emergencies: Staying Safe When Access Drops,https://homeprotectionbasics.com/emergency-prep/medication-management-during-emergencies.html,1,1,/style.css,True,standard,empty,standard,Article,False,False,root_relative,True
emergency-prep/neighborhood-coordination-basics.html,article,Neighborhood Coordination Basics: Working Together Before Things Get Bad,https://homeprotectionbasics.com/emergency-prep/neighborhood-coordination-basics.html,1,1,/style.css,True,standard,empty,standard,Article,False,False,root_relative,True
emergency-prep/non-perishable-food-basics.html,article,Non-Perishable Food Basics: Building a Simple  Reliable Supply,https://homeprotectionbasics.com/emergency-prep/non-perishable-food-basics.html,1,1,/style.css,True,standard,empty,standard,Article,False,False,root_relative,True
emergency-prep/pet-emergency-prep-basics.html,article,Pet Emergency Prep Basics: Keeping Animals Safe During Disasters,https://homeprotectionbasics.com/emergency-prep/pet-emergency-prep-basics.html,1,1,/style.css,True,standard,empty,standard,Article,False,False,root_relative,True
emergency-prep/power-bank-and-generator-basics.html,article,Power Bank and Generator Basics: Keeping Electricity When the Grid Fails,https://homeprotectionbasics.com/emergency-prep/power-bank-and-generator-basics.html,1,1,/style.css,True,standard,empty,standard,Article,False,False,root_relative,True
emergency-prep/power-outage-prep-basics.html,article,Power Outage Prep Basics: Staying Safe When the Lights Go Out,https://homeprotectionbasics.com/emergency-prep/power-outage-prep-basics.html,1,1,/style.css,True,standard,empty,standard,Article,False,False,root_relative,True
emergency-prep/protecting-important-documents-at-home.html,article,Protecting Important Documents at Home: Keep Them Safe  Dry  and Findable,https://homeprotectionbasics.com/emergency-prep/protecting-important-documents-at-home.html,1,1,/style.css,True,standard,empty,standard,Article,False,False,root_relative,True
emergency-prep/radiation-emergency-basics.html,article,Radiation Emergency Basics: What to Do If Something Serious Happens,https://homeprotectionbasics.com/emergency-prep/radiation-emergency-basics.html,1,1,/style.css,True,standard,empty,standard,Article,False,False,root_relative,True
emergency-prep/rural-emergency-prep-basics.html,article,Rural Emergency Prep Basics: Planning When Help Is Far Away,https://homeprotectionbasics.com/emergency-prep/rural-emergency-prep-basics.html,1,1,/style.css,True,standard,empty,standard,Article,False,False,root_relative,True
emergency-prep/safe-room-basics.html,article,Safe Room Basics: Creating a Secure Space Inside Your Home,https://homeprotectionbasics.com/emergency-prep/safe-room-basics.html,1,1,/style.css,True,standard,empty,standard,Article,False,False,root_relative,True
emergency-prep/security-during-disasters.html,article,Security During Disasters: Keeping Your Home and Family Protected,https://homeprotectionbasics.com/emergency-prep/security-during-disasters.html,1,1,/style.css,True,standard,empty,standard,Article,False,False,root_relative,True
emergency-prep/shelter-in-place-basics.html,article,Shelter-in-Place Basics: Staying Indoors When Outside Isn’t Safe,https://homeprotectionbasics.com/emergency-prep/shelter-in-place-basics.html,1,1,/style.css,True,standard,empty,standard,Article,False,False,root_relative,True
emergency-prep/short-term-evacuation-prep.html,article,Short-Term Evacuation Prep: Leaving Fast Without Forgetting Essentials,https://homeprotectionbasics.com/emergency-prep/short-term-evacuation-prep.html,1,1,/style.css,True,standard,empty,standard,Article,False,False,root_relative,True
emergency-prep/stay-bag-checklist.html,article,Stay-Bag Checklist: What to Keep Ready for Sheltering at Home,https://homeprotectionbasics.com/emergency-prep/stay-bag-checklist.html,1,1,/style.css,True,standard,empty,standard,Article,False,False,root_relative,True
emergency-prep/tornado-preparedness-basics.html,article,Tornado Preparedness Basics: What to Do Before  During  and After,https://homeprotectionbasics.com/emergency-prep/tornado-preparedness-basics.html,1,1,/style.css,True,standard,empty,standard,Article,False,False,root_relative,True
emergency-prep/urban-emergency-prep-basics.html,article,Urban Emergency Prep Basics: Handling Disasters in High-Density Areas,https://homeprotectionbasics.com/emergency-prep/urban-emergency-prep-basics.html,1,1,/style.css,True,standard,empty,standard,Article,False,False,root_relative,True
emergency-prep/water-storage-basics.html,article,Water Storage Basics: Keeping Safe Drinking Water on Hand,https://homeprotectionbasics.com/emergency-prep/water-storage-basics.html,1,1,/style.css,True,standard,empty,standard,Article,False,False,root_relative,True
emergency-prep/wildfire-preparedness-basics.html,article,Wildfire Preparedness Basics: Protecting Your Home Before Flames Spread,https://homeprotectionbasics.com/emergency-prep/wildfire-preparedness-basics.html,1,1,/style.css,True,standard,empty,standard,Article,False,False,root_relative,True
fire-safety/alarm-testing-schedule.html,article,Alarm Testing Schedule: How Often to Test Smoke & CO Detectors,https://homeprotectionbasics.com/fire-safety/alarm-testing-schedule.html,1,1,/style.css,True,standard,empty,standard,Article,False,False,root_relative,True
fire-safety/alarms-for-high-ceiling-homes.html,article,Alarms for High-Ceiling Homes: Proper Placement for Reliable Detection,https://homeprotectionbasics.com/fire-safety/alarms-for-high-ceiling-homes.html,1,1,/style.css,True,standard,empty,standard,Article,False,False,root_relative,True
fire-safety/apartment-fire-escape-guide.html,article,Apartment Fire Escape Guide: How to Evacuate Safely in a Multi-Unit Building,https://homeprotectionbasics.com/fire-safety/apartment-fire-escape-guide.html,1,1,/style.css,True,standard,empty,standard,Article,False,False,root_relative,True
fire-safety/candle-safety-guidelines.html,article,Candle Safety Guidelines: Using Open Flame Without Risk,https://homeprotectionbasics.com/fire-safety/candle-safety-guidelines.html,1,1,/style.css,True,standard,empty,standard,Article,False,False,root_relative,True
fire-safety/carbon-monoxide-safety-basics.html,article,Carbon Monoxide Safety Basics for Homeowners,https://homeprotectionbasics.com/fire-safety/carbon-monoxide-safety-basics.html,1,1,/style.css,True,standard,empty,standard,Article,False,False,root_relative,True
fire-safety/children-and-fire-safety-basics.html,article,Children and Fire Safety Basics: Teaching Safe Behavior Early,https://homeprotectionbasics.com/fire-safety/children-and-fire-safety-basics.html,1,1,/style.css,True,standard,empty,standard,Article,False,False,root_relative,True
fire-safety/chimney-cleaning-basics.html,article,Chimney Cleaning Basics: Preventing Creosote Fires,https://homeprotectionbasics.com/fire-safety/chimney-cleaning-basics.html,1,1,/style.css,True,standard,empty,standard,Article,False,False,root_relative,True
fire-safety/clothes-dryer-fire-prevention.html,article,Clothes Dryer Fire Prevention: Stopping Lint and Heat Buildup Before It Ignites,https://homeprotectionbasics.com/fire-safety/clothes-dryer-fire-prevention.html,1,1,/style.css,True,standard,empty,standard,Article,False,False,root_relative,True
fire-safety/common-fire-causes-analysis.html,article,Common Fire Causes Analysis: Why Home Fires Really Start,https://homeprotectionbasics.com/fire-safety/common-fire-causes-analysis.html,1,1,/style.css,True,standard,empty,standard,Article,False,False,root_relative,True
fire-safety/electrical-fire-prevention-basics.html,article,Electrical Fire Prevention Basics: Avoiding Wiring and Outlet Hazards,https://homeprotectionbasics.com/fire-safety/electrical-fire-prevention-basics.html,1,1,/style.css,True,standard,empty,standard,Article,False,False,root_relative,True
fire-safety/escape-ladder-use-basics.html,article,Escape Ladder Use Basics: How to Deploy One Safely,https://homeprotectionbasics.com/fire-safety/escape-ladder-use-basics.html,1,1,/style.css,True,standard,empty,standard,Article,False,False,root_relative,True
fire-safety/extension-cord-safety-basics.html,article,Extension Cord Safety Basics: Preventing Hidden Electrical Fire Risks,https://homeprotectionbasics.com/fire-safety/extension-cord-safety-basics.html,1,1,/style.css,True,standard,empty,standard,Article,False,False,root_relative,True
fire-safety/fire-extinguisher-maintenance-basics.html,article,Fire Extinguisher Maintenance Basics: How to Keep Your Extinguisher Ready to Use,https://homeprotectionbasics.com/fire-safety/fire-extinguisher-maintenance-basics.html,1,1,/style.css,True,standard,empty,standard,Article,False,False,root_relative,True
fire-safety/fire-extinguisher-types-and-uses.html,article,Fire Extinguisher Types and Uses: What Every Home Needs,https://homeprotectionbasics.com/fire-safety/fire-extinguisher-types-and-uses.html,1,1,/style.css,True,standard,empty,standard,Article,False,False,root_relative,True
fire-safety/fire-risk-room-by-room.html,article,Fire Risk Room-by-Room: The Real Hazards Hiding in Your Home,https://homeprotectionbasics.com/fire-safety/fire-risk-room-by-room.html,1,1,/style.css,True,standard,empty,standard,Article,False,False,root_relative,True
fire-safety/fire-safety-checkup-routine.html,article,Fire Safety Checkup Routine: A Monthly Inspection That Actually Prevents Fires,https://homeprotectionbasics.com/fire-safety/fire-safety-checkup-routine.html,1,1,/style.css,True,standard,empty,standard,Article,False,False,root_relative,True
fire-safety/fire-safety-for-renters.html,article,Fire Safety for Renters: What You Must Check Immediately,https://homeprotectionbasics.com/fire-safety/fire-safety-for-renters.html,1,1,/style.css,True,standard,empty,standard,Article,False,False,root_relative,True
fire-safety/fire-safety-myths-debunked.html,article,Fire Safety Myths Debunked: Dangerous Advice You Should Ignore,https://homeprotectionbasics.com/fire-safety/fire-safety-myths-debunked.html,1,1,/style.css,True,standard,empty,standard,Article,False,False,root_relative,True
fire-safety/fireplace-maintenance-basics.html,article,Fireplace Maintenance Basics: Safe Burning Without Guesswork,https://homeprotectionbasics.com/fire-safety/fireplace-maintenance-basics.html,1,1,/style.css,True,standard,empty,standard,Article,False,False,root_relative,True
fire-safety/flammable-liquid-storage-basics.html,article,Flammable Liquid Storage Basics: Safe Gasoline & Solvents,https://homeprotectionbasics.com/fire-safety/flammable-liquid-storage-basics.html,1,1,/style.css,True,standard,empty,standard,Article,False,False,root_relative,True
fire-safety/furnace-fire-hazard-basics.html,article,Furnace Fire Hazard Basics: What Actually Starts Fires,https://homeprotectionbasics.com/fire-safety/furnace-fire-hazard-basics.html,1,1,/style.css,True,standard,empty,standard,Article,False,False,root_relative,True
fire-safety/hardwired-vs-battery-smoke-detectors.html,article,Hardwired vs Battery Smoke Detectors Explained,https://homeprotectionbasics.com/fire-safety/hardwired-vs-battery-smoke-detectors.html,1,1,/style.css,True,standard,empty,standard,Article,False,False,root_relative,True
fire-safety/holiday-fire-safety-basics.html,article,Holiday Fire Safety Basics: Preventing Seasonal Ignition Sources,https://homeprotectionbasics.com/fire-safety/holiday-fire-safety-basics.html,1,1,/style.css,True,standard,empty,standard,Article,False,False,root_relative,True
fire-safety/home-fire-alarm-maintenance.html,article,Home Fire Alarm Maintenance: Keeping Your Detectors Reliable,https://homeprotectionbasics.com/fire-safety/home-fire-alarm-maintenance.html,1,1,/style.css,True,standard,empty,standard,Article,False,False,root_relative,True
fire-safety/home-fire-drill-guide.html,article,Home Fire Drill Guide: How to Practice a Fast  Clean Escape,https://homeprotectionbasics.com/fire-safety/home-fire-drill-guide.html,1,1,/style.css,True,standard,empty,standard,Article,False,False,root_relative,True
fire-safety/home-fire-escape-plan-checklist.html,article,Home Fire Escape Plan Checklist: A Fast  Practical Walkthrough,https://homeprotectionbasics.com/fire-safety/home-fire-escape-plan-checklist.html,1,1,/style.css,True,standard,empty,standard,Article,False,False,root_relative,True
fire-safety/home-fire-suppression-basics.html,article,Home Fire Suppression Basics: What You Can (and Can’t) Do to Stop a Fire,https://homeprotectionbasics.com/fire-safety/home-fire-suppression-basics.html,1,1,/style.css,True,standard,empty,standard,Article,False,False,root_relative,True
fire-safety/how-long-smoke-detectors-last.html,article,How Long Smoke Detectors Last Before Replacement,https://homeprotectionbasics.com/fire-safety/how-long-smoke-detectors-last.html,1,1,/style.css,True,standard,empty,standard,Article,False,False,root_relative,True
fire-safety/how-to-identify-fire-hazards.html,article,How to Identify Fire Hazards: A Practical Homeowner Inspection Guide,https://homeprotectionbasics.com/fire-safety/how-to-identify-fire-hazards.html,1,1,/style.css,True,standard,empty,standard,Article,False,False,root_relative,True
fire-safety/hvac-fire-risk-basics.html,article,HVAC Fire Risk Basics: What Can Actually Ignite,https://homeprotectionbasics.com/fire-safety/hvac-fire-risk-basics.html,1,1,/style.css,True,standard,empty,standard,Article,False,False,root_relative,True
fire-safety/identifying-primary-exits.html,article,Identifying Primary Exits: How to Choose the Fastest Way Out in a Fire,https://homeprotectionbasics.com/fire-safety/identifying-primary-exits.html,1,1,/style.css,True,standard,empty,standard,Article,False,False,root_relative,True
fire-safety/index.html,category hub,Fire Safety Basics: Detection  Prevention & Escape,https://homeprotectionbasics.com/fire-safety/,1,1,/style.css,True,standard,empty,standard,WebPage,False,False,root_relative,False
fire-safety/interconnected-alarm-benefits.html,article,Interconnected Alarm Benefits: Why Linking Your Detectors Matters,https://homeprotectionbasics.com/fire-safety/interconnected-alarm-benefits.html,1,1,/style.css,True,standard,empty,standard,Article,False,False,root_relative,True
fire-safety/kitchen-fire-prevention-basics.html,article,Kitchen Fire Prevention Basics: Stopping the Most Common Home Fires,https://homeprotectionbasics.com/fire-safety/kitchen-fire-prevention-basics.html,1,1,/style.css,True,standard,empty,standard,Article,False,False,root_relative,True
fire-safety/meeting-point-planning.html,article,Meeting Point Planning: How to Choose a Safe Place to Regroup After a Fire,https://homeprotectionbasics.com/fire-safety/meeting-point-planning.html,1,1,/style.css,True,standard,empty,standard,Article,False,False,root_relative,True
fire-safety/mobility-limited-escape-plans.html,article,Mobility-Limited Fire Escape Plans: Making Evacuation Possible for Everyone,https://homeprotectionbasics.com/fire-safety/mobility-limited-escape-plans.html,1,1,/style.css,True,standard,empty,standard,Article,False,False,root_relative,True
fire-safety/multi-family-fire-safety-basics.html,article,Multi-Family Fire Safety Basics: Essential Rules for Apartments & Shared Buildings,https://homeprotectionbasics.com/fire-safety/multi-family-fire-safety-basics.html,1,1,/style.css,True,standard,empty,standard,Article,False,False,root_relative,True
fire-safety/multi-level-fire-escape-basics.html,article,Multi-Level Fire Escape Basics: Safe Evacuation From Upstairs and Basement Rooms,https://homeprotectionbasics.com/fire-safety/multi-level-fire-escape-basics.html,1,1,/style.css,True,standard,empty,standard,Article,False,False,root_relative,True
fire-safety/nighttime-fire-escape-planning.html,article,Nighttime Fire Escape Planning: How to Get Out Safely While You’re Asleep,https://homeprotectionbasics.com/fire-safety/nighttime-fire-escape-planning.html,1,1,/style.css,True,standard,empty,standard,Article,False,False,root_relative,True
fire-safety/photoelectric-vs-ionization-alarms.html,article,Photoelectric vs Ionization Alarms: Which Your Home Actually Needs,https://homeprotectionbasics.com/fire-safety/photoelectric-vs-ionization-alarms.html,1,1,/style.css,True,standard,empty,standard,Article,False,False,root_relative,True
fire-safety/reducing-false-smoke-alarms.html,article,Reducing False Smoke Alarms: Fixing Nuisance Triggers the Right Way,https://homeprotectionbasics.com/fire-safety/reducing-false-smoke-alarms.html,1,1,/style.css,True,standard,empty,standard,Article,False,False,root_relative,True
fire-safety/replacing-smoke-detectors.html,article,Replacing Smoke Detectors: When and How to Upgrade Safely,https://homeprotectionbasics.com/fire-safety/replacing-smoke-detectors.html,1,1,/style.css,True,standard,empty,standard,Article,False,False,root_relative,True
fire-safety/rural-fire-response-limitations.html,article,Rural Fire Response Limitations: What Homeowners Must Plan For,https://homeprotectionbasics.com/fire-safety/rural-fire-response-limitations.html,1,1,/style.css,True,standard,empty,standard,Article,False,False,root_relative,True
fire-safety/smoke-barrier-basics.html,article,Smoke Barrier Basics: Slowing Smoke Spread During a Fire,https://homeprotectionbasics.com/fire-safety/smoke-barrier-basics.html,1,1,/style.css,True,standard,empty,standard,Article,False,False,root_relative,True
fire-safety/smoke-crawling-technique-basics.html,article,Smoke Crawling Technique Basics: How to Move Safely Through a House Fire,https://homeprotectionbasics.com/fire-safety/smoke-crawling-technique-basics.html,1,1,/style.css,True,standard,empty,standard,Article,False,False,root_relative,True
fire-safety/smoke-detector-placement-guide.html,article,Smoke Detector Placement Guide: Where They Must Go,https://homeprotectionbasics.com/fire-safety/smoke-detector-placement-guide.html,1,1,/style.css,True,standard,empty,standard,Article,False,False,root_relative,True
fire-safety/space-heater-safety-basics.html,article,Space Heater Safety Basics: Preventing Fires From Portable Heaters,https://homeprotectionbasics.com/fire-safety/space-heater-safety-basics.html,1,1,/style.css,True,standard,empty,standard,Article,False,False,root_relative,True
fire-safety/stovetop-fire-safety-basics.html,article,Stovetop Fire Safety Basics: Preventing and Handling Cooking Flare-Ups,https://homeprotectionbasics.com/fire-safety/stovetop-fire-safety-basics.html,1,1,/style.css,True,standard,empty,standard,Article,False,False,root_relative,True
fire-safety/teaching-kids-fire-escape-basics.html,article,Teaching Kids Fire Escape Basics: What They Must Know,https://homeprotectionbasics.com/fire-safety/teaching-kids-fire-escape-basics.html,1,1,/style.css,True,standard,empty,standard,Article,False,False,root_relative,True
fire-safety/two-story-escape-strategies.html,article,Two-Story Escape Strategies: Safe Exits From Upper Floors,https://homeprotectionbasics.com/fire-safety/two-story-escape-strategies.html,1,1,/style.css,True,standard,empty,standard,Article,False,False,root_relative,True
fire-safety/what-causes-smoke-detectors-to-chirp-or-beep.html,article,What Causes Smoke Detectors to Chirp or Beep,https://homeprotectionbasics.com/fire-safety/what-causes-smoke-detectors-to-chirp-or-beep.html,1,1,/style.css,True,standard,empty,standard,Article,False,False,root_relative,True
fire-safety/wildfire-defensible-space-basics.html,article,Wildfire Defensible Space Basics: Creating a Buffer That Protects Your Home,https://homeprotectionbasics.com/fire-safety/wildfire-defensible-space-basics.html,1,1,/style.css,True,standard,empty,standard,Article,False,False,root_relative,True
fire-safety/wildfire-evacuation-basics.html,article,Wildfire Evacuation Basics: Leaving Fast and Clean,https://homeprotectionbasics.com/fire-safety/wildfire-evacuation-basics.html,1,1,/style.css,True,standard,empty,standard,Article,False,False,root_relative,True
guides/attic-inspection-checklist.html,article,Attic Inspection Checklist,https://homeprotectionbasics.com/guides/attic-inspection-checklist.html,1,1,/style.css,True,standard,empty,standard,Article,False,False,root_relative,True
guides/backyard-safety-checklist.html,article,Backyard Safety Checklist,https://homeprotectionbasics.com/guides/backyard-safety-checklist.html,1,1,/style.css,True,standard,empty,standard,Article,False,False,root_relative,True
guides/basement-safety-checklist.html,article,Basement Safety Checklist,https://homeprotectionbasics.com/guides/basement-safety-checklist.html,1,1,/style.css,True,standard,empty,standard,Article,False,False,root_relative,True
guides/basic-disaster-readiness-checklist.html,utility/legal,,,0,0,,False,missing,missing,missing,,True,False,none,False
guides/carbon-monoxide-safety-checklist.html,article,Carbon Monoxide Safety Checklist,https://homeprotectionbasics.com/guides/carbon-monoxide-safety-checklist.html,1,1,/style.css,True,standard,empty,standard,Article,False,False,root_relative,True
guides/cleaning-supply-safety-checklist.html,article,Cleaning Supply Safety Checklist,https://homeprotectionbasics.com/guides/cleaning-supply-safety-checklist.html,1,1,/style.css,True,standard,empty,standard,Article,False,False,root_relative,True
guides/fall-hazard-checklist.html,article,Fall Hazard Checklist,https://homeprotectionbasics.com/guides/fall-hazard-checklist.html,1,1,/style.css,True,standard,empty,standard,Article,False,False,root_relative,True
guides/fire-safety-training-checklist.html,article,Fire Safety Training Checklist,https://homeprotectionbasics.com/guides/fire-safety-training-checklist.html,1,1,/style.css,True,standard,empty,standard,Article,False,False,root_relative,True
guides/first-week-in-new-home-checklist.html,article,First Week in a New Home Checklist,https://homeprotectionbasics.com/guides/first-week-in-new-home-checklist.html,1,1,/style.css,True,standard,empty,standard,Article,False,False,root_relative,True
guides/freezing-weather-prep-checklist.html,article,Freezing Weather Prep Checklist,https://homeprotectionbasics.com/guides/freezing-weather-prep-checklist.html,1,1,/style.css,True,standard,empty,standard,Article,False,False,root_relative,True
guides/garage-fire-hazard-checklist.html,article,Garage Fire Hazard Checklist,https://homeprotectionbasics.com/guides/garage-fire-hazard-checklist.html,1,1,/style.css,True,standard,empty,standard,Article,False,False,root_relative,True
guides/garage-safety-checklist.html,article,Garage Safety Checklist,https://homeprotectionbasics.com/guides/garage-safety-checklist.html,1,1,/style.css,True,standard,empty,standard,Article,False,False,root_relative,True
guides/generator-maintenance-checklist.html,article,Generator Maintenance Checklist,https://homeprotectionbasics.com/guides/generator-maintenance-checklist.html,1,1,/style.css,True,standard,empty,standard,Article,False,False,root_relative,True
guides/heatwave-prep-checklist.html,article,Heatwave Prep Checklist,https://homeprotectionbasics.com/guides/heatwave-prep-checklist.html,1,1,/style.css,True,standard,empty,standard,Article,False,False,root_relative,True
guides/holiday-decoration-safety-checklist.html,article,Holiday Decoration Safety Checklist,https://homeprotectionbasics.com/guides/holiday-decoration-safety-checklist.html,1,1,/style.css,True,standard,empty,standard,Article,False,False,root_relative,True
guides/home-appliance-safety-checklist.html,article,Home Appliance Safety Checklist,https://homeprotectionbasics.com/guides/home-appliance-safety-checklist.html,1,1,/style.css,True,standard,empty,standard,Article,False,False,root_relative,True
guides/home-emergency-kit-checklist.html,article,Home Emergency Kit Checklist,https://homeprotectionbasics.com/guides/home-emergency-kit-checklist.html,1,1,/style.css,True,standard,empty,standard,Article,False,False,root_relative,True
guides/home-insurance-renewal-checklist.html,article,Home Insurance Renewal Checklist,https://homeprotectionbasics.com/guides/home-insurance-renewal-checklist.html,1,1,/style.css,True,standard,empty,standard,Article,False,False,root_relative,True
guides/home-nighttime-security-checklist.html,article,Nighttime Home Security Checklist,https://homeprotectionbasics.com/guides/home-nighttime-security-checklist.html,1,1,/style.css,True,standard,empty,standard,Article,False,False,root_relative,True
guides/home-safety-annual-review.html,article,Home Safety Annual Review,https://homeprotectionbasics.com/guides/home-safety-annual-review.html,1,1,/style.css,True,standard,empty,standard,Article,False,False,root_relative,True
guides/home-vacation-prep-checklist.html,article,Home Vacation Prep Checklist,https://homeprotectionbasics.com/guides/home-vacation-prep-checklist.html,1,1,/style.css,True,standard,empty,standard,Article,False,False,root_relative,True
guides/in-home-child-safety-inspection.html,article,In-Home Child Safety Inspection,https://homeprotectionbasics.com/guides/in-home-child-safety-inspection.html,1,1,/style.css,True,standard,empty,standard,Article,False,False,root_relative,True
guides/index.html,guide hub,Home Protection Guides & Checklists,https://homeprotectionbasics.com/guides/,1,1,/style.css,True,standard,empty,standard,WebPage,False,False,root_relative,False
guides/insurance-document-checklist.html,article,Insurance Document Checklist,https://homeprotectionbasics.com/guides/insurance-document-checklist.html,1,1,/style.css,True,standard,empty,standard,Article,False,False,root_relative,True
guides/kitchen-fire-safety-checklist.html,article,Kitchen Fire Safety Checklist,https://homeprotectionbasics.com/guides/kitchen-fire-safety-checklist.html,1,1,/style.css,True,standard,empty,standard,Article,False,False,root_relative,True
guides/landscaping-safety-checklist.html,article,Landscaping Safety Checklist,https://homeprotectionbasics.com/guides/landscaping-safety-checklist.html,1,1,/style.css,True,standard,empty,standard,Article,False,False,root_relative,True
guides/monthly-home-safety-checklist.html,article,Monthly Home Safety Checklist,https://homeprotectionbasics.com/guides/monthly-home-safety-checklist.html,1,1,/style.css,True,standard,empty,standard,Article,False,False,root_relative,True
guides/moving-into-a-new-home-security-steps.html,article,Moving Into a New Home Security Steps,https://homeprotectionbasics.com/guides/moving-into-a-new-home-security-steps.html,1,1,/style.css,True,standard,empty,standard,Article,False,False,root_relative,True
guides/natural-gas-safety-checklist.html,article,Natural Gas Safety Checklist,https://homeprotectionbasics.com/guides/natural-gas-safety-checklist.html,1,1,/style.css,True,standard,empty,standard,Article,False,False,root_relative,True
guides/new-home-walkthrough-checklist.html,article,New Home Walkthrough Checklist,https://homeprotectionbasics.com/guides/new-home-walkthrough-checklist.html,1,1,/style.css,True,standard,empty,standard,Article,False,False,root_relative,True
guides/new-homeowner-safety-checklist.html,article,New Homeowner Safety Checklist,https://homeprotectionbasics.com/guides/new-homeowner-safety-checklist.html,1,1,/style.css,True,standard,empty,standard,Article,False,False,root_relative,True
guides/new-parent-safety-checklist.html,article,New Parent Safety Checklist,https://homeprotectionbasics.com/guides/new-parent-safety-checklist.html,1,1,/style.css,True,standard,empty,standard,Article,False,False,root_relative,False
guides/outdoor-security-walkthrough.html,article,Outdoor Security Walkthrough,https://homeprotectionbasics.com/guides/outdoor-security-walkthrough.html,1,1,/style.css,True,standard,empty,standard,Article,False,False,root_relative, other_relative,False
guides/power-outage-readiness-checklist.html,article,Power Outage Readiness Checklist,https://homeprotectionbasics.com/guides/power-outage-readiness-checklist.html,1,1,/style.css,True,standard,empty,standard,Article,False,False,root_relative,False
guides/printable-home-inventory-checklist.html,article,Home Inventory Checklist,https://homeprotectionbasics.com/guides/printable-home-inventory-checklist.html,1,1,/style.css,True,standard,empty,standard,Article,False,False,root_relative,False
guides/renter-move-in-checklist.html,article,Renter Move-In Safety Checklist,https://homeprotectionbasics.com/guides/renter-move-in-checklist.html,1,1,/style.css,True,standard,empty,standard,Article,False,False,root_relative, other_relative,False
guides/renter-move-out-checklist.html,article,Renter Move-Out Safety Checklist,https://homeprotectionbasics.com/guides/renter-move-out-checklist.html,1,1,/style.css,True,standard,empty,standard,Article,False,False,root_relative, other_relative,False
guides/seasonal-home-safety-checklist.html,article,Seasonal Home Safety Checklist,https://homeprotectionbasics.com/guides/seasonal-home-safety-checklist.html,1,1,/style.css,True,standard,empty,standard,Article,False,False,root_relative, other_relative,False
guides/security-cameras-audit-checklist.html,article,Security Cameras Audit Checklist,https://homeprotectionbasics.com/guides/security-cameras-audit-checklist.html,1,1,/style.css,True,standard,empty,standard,Article,False,False,root_relative, other_relative,False
guides/security-lighting-checklist.html,article,Security Lighting Checklist,https://homeprotectionbasics.com/guides/security-lighting-checklist.html,1,1,/style.css,True,standard,empty,standard,Article,False,False,root_relative, other_relative,False
guides/senior-home-safety-checklist.html,article,Senior Home Safety Checklist,https://homeprotectionbasics.com/guides/senior-home-safety-checklist.html,1,1,/style.css,True,standard,empty,standard,Article,False,False,root_relative,False
guides/smart-home-security-inspection.html,article,Smart Home Security Inspection,https://homeprotectionbasics.com/guides/smart-home-security-inspection.html,1,1,/style.css,True,standard,empty,standard,Article,False,False,root_relative, other_relative,False
guides/smoke-detector-maintenance-checklist.html,article,Smoke Detector Maintenance Checklist,https://homeprotectionbasics.com/guides/smoke-detector-maintenance-checklist.html,1,1,/style.css,True,standard,empty,standard,Article,False,False,root_relative,False
guides/storm-readiness-checklist.html,article,Storm Readiness Checklist,https://homeprotectionbasics.com/guides/storm-readiness-checklist.html,1,1,/style.css,True,standard,empty,standard,Article,False,False,root_relative, other_relative,False
guides/summer-fire-risk-checklist.html,article,Summer Fire Risk Checklist,https://homeprotectionbasics.com/guides/summer-fire-risk-checklist.html,1,1,/style.css,True,standard,empty,standard,Article,False,False,root_relative,False
guides/water-damage-prevention-checklist.html,article,Water Damage Prevention Checklist,https://homeprotectionbasics.com/guides/water-damage-prevention-checklist.html,1,1,/style.css,True,standard,empty,standard,Article,False,False,root_relative, other_relative,False
guides/weekend-security-upgrade-list.html,article,Weekend Security Upgrade List,https://homeprotectionbasics.com/guides/weekend-security-upgrade-list.html,1,1,/style.css,True,standard,empty,standard,Article,False,False,root_relative,False
guides/window-and-door-inspection-checklist.html,article,Window and Door Inspection Checklist,https://homeprotectionbasics.com/guides/window-and-door-inspection-checklist.html,1,1,/style.css,True,standard,empty,standard,Article,False,False,root_relative, other_relative,False
guides/winterizing-your-home-checklist.html,article,Winterizing Your Home Checklist,https://homeprotectionbasics.com/guides/winterizing-your-home-checklist.html,1,1,/style.css,True,standard,empty,standard,Article,False,False,root_relative, other_relative,False
guides/yearly-home-safety-plan.html,article,Yearly Home Safety Plan,https://homeprotectionbasics.com/guides/yearly-home-safety-plan.html,1,1,/style.css,True,standard,empty,standard,Article,False,False,root_relative, other_relative,False
home-security/alarm-sensor-types-overview.html,article,Alarm Sensor Types Overview: Doors  Windows & Motion,https://homeprotectionbasics.com/home-security/alarm-sensor-types-overview.html,1,1,/style.css,True,standard,empty,standard,Article,False,False,root_relative,False
home-security/attic-and-crawlspace-security.html,article,Attic and Crawlspace Security: Hidden Entry Points Most People Forget,https://homeprotectionbasics.com/home-security/attic-and-crawlspace-security.html,1,1,/style.css,True,standard,empty,standard,Article,False,False,root_relative, parent_relative,False
home-security/avoiding-camera-blind-spots.html,article,Avoiding Camera Blind Spots: Fixing Gaps in Your Coverage,https://homeprotectionbasics.com/home-security/avoiding-camera-blind-spots.html,1,1,/style.css,True,standard,empty,standard,Article,False,False,root_relative,False
home-security/back-door-security-checklist.html,article,Back Door Security Checklist: Fixing the Most Ignored Entry Point,https://homeprotectionbasics.com/home-security/back-door-security-checklist.html,1,1,/style.css,True,standard,empty,standard,Article,False,False,root_relative,False
home-security/basement-window-security-basics.html,article,Basement Window Security Basics: How to Actually Secure Low-Level Windows,https://homeprotectionbasics.com/home-security/basement-window-security-basics.html,1,1,/style.css,True,standard,empty,standard,Article,False,False,root_relative,False
home-security/best-door-and-window-locks.html,article,Best Door and Window Locks: What Actually Improves Home Security,https://homeprotectionbasics.com/home-security/best-door-and-window-locks.html,1,1,/style.css,True,standard,empty,standard,Article,False,False,root_relative,False
home-security/blocking-window-viewing-angles.html,article,Blocking Window Viewing Angles: Stopping Peepers and Reducing Exposure,https://homeprotectionbasics.com/home-security/blocking-window-viewing-angles.html,1,1,/style.css,True,standard,empty,standard,Article,False,False,root_relative,False
home-security/camera-placement-guide.html,article,Security Camera Placement Guide: Where Cameras Actually Need to Go,https://homeprotectionbasics.com/home-security/camera-placement-guide.html,1,1,/style.css,True,standard,empty,standard,Article,False,False,root_relative,False
home-security/camera-storage-options-explained.html,article,Camera Storage Options Explained: Cloud  SD Cards  and NVRs,https://homeprotectionbasics.com/home-security/camera-storage-options-explained.html,1,1,/style.css,True,standard,empty,standard,Article,False,False,root_relative,False
home-security/camera-weatherproofing-basics.html,article,Camera Weatherproofing Basics: Keeping Outdoor Cameras Alive Long-Term,https://homeprotectionbasics.com/home-security/camera-weatherproofing-basics.html,1,1,/style.css,True,standard,empty,standard,Article,False,False,root_relative,False
home-security/cellular-backup-benefits.html,article,Cellular Backup Benefits: Why It Matters for Home Security,https://homeprotectionbasics.com/home-security/cellular-backup-benefits.html,1,1,/style.css,True,standard,empty,standard,Article,False,False,root_relative,False
home-security/choosing-a-security-hub.html,article,Choosing a Security Hub: What Actually Matters,https://homeprotectionbasics.com/home-security/choosing-a-security-hub.html,1,1,/style.css,True,standard,empty,standard,Article,False,False,root_relative,False
home-security/crime-prevention-through-design.html,article,Crime Prevention Through Design: Shaping Your Property to Deter Intruders,https://homeprotectionbasics.com/home-security/crime-prevention-through-design.html,1,1,/style.css,True,standard,empty,standard,Article,False,False,root_relative, parent_relative,False
home-security/deadbolt-installation-basics.html,article,Deadbolt Installation Basics: Stronger Front Doors,https://homeprotectionbasics.com/home-security/deadbolt-installation-basics.html,1,1,/style.css,True,standard,empty,standard,Article,False,False,root_relative,False
home-security/deterring-burglars-basics.html,article,Deterring Burglars: Basic Principles That Actually Work,https://homeprotectionbasics.com/home-security/deterring-burglars-basics.html,1,1,/style.css,True,standard,empty,standard,Article,False,False,root_relative,False
home-security/diy-vs-pro-security-systems.html,article,DIY vs Professional Security Systems: What Actually Matters,https://homeprotectionbasics.com/home-security/diy-vs-pro-security-systems.html,1,1,/style.css,True,standard,empty,standard,Article,False,False,root_relative,False
home-security/door-and-window-gap-inspection.html,article,Door and Window Gap Inspection: Finding the Openings Intruders Exploit,https://homeprotectionbasics.com/home-security/door-and-window-gap-inspection.html,1,1,/style.css,True,standard,empty,standard,Article,False,False,root_relative,False
home-security/door-reinforcement-basics.html,article,Door Reinforcement Basics: Stopping Forced Entry the Right Way,https://homeprotectionbasics.com/home-security/door-reinforcement-basics.html,1,1,/style.css,True,standard,empty,standard,Article,False,False,root_relative,False
home-security/double-door-security-principles.html,article,Double Door Security Principles: How to Lock Down Paired Doors Correctly,https://homeprotectionbasics.com/home-security/double-door-security-principles.html,1,1,/style.css,True,standard,empty,standard,Article,False,False,root_relative,False
home-security/driveway-camera-positioning.html,article,Driveway Camera Positioning: Capturing Plates  Faces  and Movement,https://homeprotectionbasics.com/home-security/driveway-camera-positioning.html,1,1,/style.css,True,standard,empty,standard,Article,False,False,root_relative,False
home-security/evaluating-neighborhood-risk.html,article,Evaluating Neighborhood Risk: What Actually Matters,https://homeprotectionbasics.com/home-security/evaluating-neighborhood-risk.html,1,1,/style.css,True,standard,empty,standard,Article,False,False,root_relative, parent_relative,False
home-security/false-alarm-prevention-guide.html,article,False Alarm Prevention Guide: Stop Nuisance Trips,https://homeprotectionbasics.com/home-security/false-alarm-prevention-guide.html,1,1,/style.css,True,standard,empty,standard,Article,False,False,root_relative,False
home-security/garage-door-security-fundamentals.html,article,Garage Door Security Fundamentals: Closing the Biggest Residential Weak Point,https://homeprotectionbasics.com/home-security/garage-door-security-fundamentals.html,1,1,/style.css,True,standard,empty,standard,Article,False,False,root_relative,False
home-security/garage-window-security-tactics.html,article,Garage Window Security Tactics: Closing the Overlooked Break-In Route,https://homeprotectionbasics.com/home-security/garage-window-security-tactics.html,1,1,/style.css,True,standard,empty,standard,Article,False,False,root_relative,False
home-security/handling-backlight-and-glare.html,article,Handling Backlight and Glare: Fixing Useless Security Footage,https://homeprotectionbasics.com/home-security/handling-backlight-and-glare.html,1,1,/style.css,True,standard,empty,standard,Article,False,False,root_relative,False
home-security/hardening-detached-structures.html,article,Hardening Detached Structures: Securing Sheds  Garages  and Workshops,https://homeprotectionbasics.com/home-security/hardening-detached-structures.html,1,1,/style.css,True,standard,empty,standard,Article,False,False,root_relative,False
home-security/high-risk-entry-point-analysis.html,article,High-Risk Entry Point Analysis: How to Identify the Weak Spots Around Your Home,https://homeprotectionbasics.com/home-security/high-risk-entry-point-analysis.html,1,1,/style.css,True,standard,empty,standard,Article,False,False,root_relative,False
home-security/home-security-systems-explained.html,article,Home Security Systems Explained: Sensors  Monitoring & What Matters,https://homeprotectionbasics.com/home-security/home-security-systems-explained.html,1,1,/style.css,True,standard,empty,standard,Article,False,False,root_relative,False
home-security/how-burglars-select-homes.html,article,How Burglars Select Homes: The Patterns They Rely On,https://homeprotectionbasics.com/home-security/how-burglars-select-homes.html,1,1,/style.css,True,standard,empty,standard,Article,False,False,root_relative, parent_relative,False
home-security/identifying-vulnerable-fencing.html,article,Identifying Vulnerable Fencing: Finding the Weak Spots Intruders Target,https://homeprotectionbasics.com/home-security/identifying-vulnerable-fencing.html,1,1,/style.css,True,standard,empty,standard,Article,False,False,root_relative,False
home-security/index.html,category hub,Home Security Basics: Systems  Locks  Cameras & Perimeter,https://homeprotectionbasics.com/home-security/,1,1,/style.css,True,standard,empty,standard,WebPage,False,False,root_relative,False
home-security/indoor-vs-outdoor-security-cameras.html,article,Indoor vs. Outdoor Security Cameras: Key Differences & What Matters,https://homeprotectionbasics.com/home-security/indoor-vs-outdoor-security-cameras.html,1,1,/style.css,True,standard,empty,standard,Article,False,False,root_relative,False
home-security/mailbox-security-basics.html,article,Mailbox Security Basics: Stopping Mail Theft at the Source,https://homeprotectionbasics.com/home-security/mailbox-security-basics.html,1,1,/style.css,True,standard,empty,standard,Article,False,False,root_relative,False
home-security/motion-detection-settings.html,article,Motion Detection Settings: How to Cut False Alerts and Catch Real Movement,https://homeprotectionbasics.com/home-security/motion-detection-settings.html,1,1,/style.css,True,standard,empty,standard,Article,False,False,root_relative,False
home-security/motion-light-vs-dusk-to-dawn.html,article,Motion Lights vs Dusk-to-Dawn Lights: What Actually Works,https://homeprotectionbasics.com/home-security/motion-light-vs-dusk-to-dawn.html,1,1,/style.css,True,standard,empty,standard,Article,False,False,root_relative, parent_relative,False
home-security/night-security-routine.html,article,Night Security Routine: The Simple Checklist That Stops Most Problems,https://homeprotectionbasics.com/home-security/night-security-routine.html,1,1,/style.css,True,standard,empty,standard,Article,False,False,root_relative, parent_relative,False
home-security/night-vision-performance-basics.html,article,Night Vision Performance Basics: How to Make Cameras Actually Work in the Dark,https://homeprotectionbasics.com/home-security/night-vision-performance-basics.html,1,1,/style.css,True,standard,empty,standard,Article,False,False,root_relative,False
home-security/perimeter-security-fundamentals.html,article,Perimeter Security Fundamentals: Securing the Outer Layer First,https://homeprotectionbasics.com/home-security/perimeter-security-fundamentals.html,1,1,/style.css,True,standard,empty,standard,Article,False,False,root_relative, parent_relative,False
home-security/preventing-ladder-access.html,article,Preventing Ladder Access: Blocking the Shortcut Intruders Love,https://homeprotectionbasics.com/home-security/preventing-ladder-access.html,1,1,/style.css,True,standard,empty,standard,Article,False,False,root_relative,False
home-security/privacy-and-interior-camera-policy.html,article,Privacy and Interior Camera Policy: Where Cameras Cross the Line,https://homeprotectionbasics.com/home-security/privacy-and-interior-camera-policy.html,1,1,/style.css,True,standard,empty,standard,Article,False,False,root_relative,False
home-security/protecting-garage-windows-and-side-doors.html,article,Protecting Garage Windows and Side Doors: Closing the Easiest Break-In Path,https://homeprotectionbasics.com/home-security/protecting-garage-windows-and-side-doors.html,1,1,/style.css,True,standard,empty,standard,Article,False,False,root_relative,False
home-security/reinforcing-door-frames.html,article,Reinforcing Door Frames: Stop Easy Kick-Ins,https://homeprotectionbasics.com/home-security/reinforcing-door-frames.html,1,1,/style.css,True,standard,empty,standard,Article,False,False,root_relative,False
home-security/reinforcing-garage-interior-door.html,article,Reinforcing the Garage Interior Door: The Most Ignored Weak Point,https://homeprotectionbasics.com/home-security/reinforcing-garage-interior-door.html,1,1,/style.css,True,standard,empty,standard,Article,False,True,root_relative, parent_relative,False
home-security/safe-delivery-dropoff-setup.html,article,Safe Delivery Dropoff Setup: Preventing Package Theft the Smart Way,https://homeprotectionbasics.com/home-security/safe-delivery-dropoff-setup.html,1,1,/style.css,True,standard,empty,standard,Article,False,False,root_relative,False
home-security/safe-parking-security-basics.html,article,Safe Parking Security Basics: Keeping Your Vehicles and Driveway Protected,https://homeprotectionbasics.com/home-security/safe-parking-security-basics.html,1,1,/style.css,True,standard,empty,standard,Article,False,False,root_relative, parent_relative,False
home-security/securing-exterior-stored-tools.html,article,Securing Exterior Stored Tools So Burglars Cannot Use Them,https://homeprotectionbasics.com/home-security/securing-exterior-stored-tools.html,1,1,/style.css,True,standard,empty,standard,Article,False,False,root_relative,False
home-security/securing-garage-side-doors.html,article,Securing Garage Side Doors: The Weak Entry Most Homeowners Ignore,https://homeprotectionbasics.com/home-security/securing-garage-side-doors.html,1,1,/style.css,True,standard,empty,standard,Article,False,False,root_relative,False
home-security/securing-pool-areas.html,article,Securing Pool Areas: Preventing Access  Accidents  and Break-In Routes,https://homeprotectionbasics.com/home-security/securing-pool-areas.html,1,1,/style.css,True,standard,empty,standard,Article,False,False,root_relative, parent_relative,False
home-security/securing-rv-and-boat-parking.html,article,Securing RV and Boat Parking: Protecting Big Targets in Plain Sight,https://homeprotectionbasics.com/home-security/securing-rv-and-boat-parking.html,1,1,/style.css,True,standard,empty,standard,Article,False,False,root_relative,False
home-security/securing-shed-and-outbuilding-doors.html,article,Securing Shed and Outbuilding Doors: Stop Easy Access to Your Tools,https://homeprotectionbasics.com/home-security/securing-shed-and-outbuilding-doors.html,1,1,/style.css,True,standard,empty,standard,Article,False,False,root_relative,False
home-security/securing-yard-gates.html,article,Securing Yard Gates: Closing the Easiest Access Point,https://homeprotectionbasics.com/home-security/securing-yard-gates.html,1,1,/style.css,True,standard,empty,standard,Article,False,False,root_relative,False
home-security/security-lighting-placement.html,article,Security Lighting Placement: Where Light Actually Stops Crime,https://homeprotectionbasics.com/home-security/security-lighting-placement.html,1,1,/style.css,True,standard,empty,standard,Article,False,False,root_relative,False
home-security/security-system-failure-points.html,article,Security System Failure Points: Where Things Actually Break,https://homeprotectionbasics.com/home-security/security-system-failure-points.html,1,1,/style.css,True,standard,empty,standard,Article,False,False,root_relative,False
home-security/security-system-response-times.html,article,Security System Response Times: What Actually Happens,https://homeprotectionbasics.com/home-security/security-system-response-times.html,1,1,/style.css,True,standard,empty,standard,Article,False,False,root_relative,False
home-security/sliding-door-security-methods.html,article,Sliding Door Security Methods: Fix the Weakest Entry,https://homeprotectionbasics.com/home-security/sliding-door-security-methods.html,1,1,/style.css,True,standard,empty,standard,Article,False,False,root_relative,False
home-security/spotting-surveillance-blind-zones.html,article,Spotting Surveillance Blind Zones Around Your Home,https://homeprotectionbasics.com/home-security/spotting-surveillance-blind-zones.html,1,1,/style.css,True,standard,empty,standard,Article,False,False,root_relative, parent_relative,False
home-security/staged-break-in-attempts.html,article,Staged Break-In Attempts: How to Test Your Home’s Real Security Weak Points,https://homeprotectionbasics.com/home-security/staged-break-in-attempts.html,1,1,/style.css,True,standard,empty,standard,Article,False,True,root_relative, parent_relative,False
home-security/window-lock-types-explained.html,article,Window Lock Types Explained: Which Locks Actually Secure Your Windows,https://homeprotectionbasics.com/home-security/window-lock-types-explained.html,1,1,/style.css,True,standard,empty,standard,Article,False,False,root_relative,False
home-security/wired-vs-wireless-cameras.html,article,Wired vs Wireless Security Cameras: What Actually Matters,https://homeprotectionbasics.com/home-security/wired-vs-wireless-cameras.html,1,1,/style.css,True,standard,empty,standard,Article,False,False,root_relative,False
home-security/wireless-vs-wired-security-systems.html,article,Wireless vs Wired Security Systems: What Actually Matters,https://homeprotectionbasics.com/home-security/wireless-vs-wired-security-systems.html,1,1,/style.css,True,standard,empty,standard,Article,False,False,root_relative,False
home-security/zone-based-security-planning.html,article,Zone-Based Security Planning: Build Smart Coverage,https://homeprotectionbasics.com/home-security/zone-based-security-planning.html,1,1,/style.css,True,standard,empty,standard,Article,False,False,root_relative,False
index.html,homepage,Home Protection Basics: Simple Home Security & Safety Guides,https://homeprotectionbasics.com/,0,5,/style.css,True,standard,empty,standard,WebSite,True,False,root_relative,False
insurance-basics/actual-cash-value-vs-replacement-cost.html,article,Actual Cash Value vs Replacement Cost,https://homeprotectionbasics.com/insurance-basics/actual-cash-value-vs-replacement-cost.html,1,1,/style.css,True,standard,empty,standard,Article,False,False,root_relative, other_relative,False
insurance-basics/avoiding-claim-denials.html,article,Avoiding Claim Denials,https://homeprotectionbasics.com/insurance-basics/avoiding-claim-denials.html,1,1,/style.css,True,standard,empty,standard,Article,False,False,root_relative, other_relative,False
insurance-basics/claims-vs-premium-impact.html,article,Claims vs Premium Impact,https://homeprotectionbasics.com/insurance-basics/claims-vs-premium-impact.html,1,1,/style.css,True,standard,empty,standard,Article,False,False,root_relative, other_relative,False
insurance-basics/creating-a-home-inventory-video.html,article,Creating a Home Inventory Video,https://homeprotectionbasics.com/insurance-basics/creating-a-home-inventory-video.html,1,1,/style.css,True,standard,empty,standard,Article,False,False,root_relative, other_relative,False
insurance-basics/discounts-and-bundling-basics.html,article,Discounts and Bundling Basics,https://homeprotectionbasics.com/insurance-basics/discounts-and-bundling-basics.html,1,1,/style.css,True,standard,empty,standard,Article,False,False,root_relative, other_relative,False
insurance-basics/documenting-a-loss-properly.html,article,Documenting a Loss Properly,https://homeprotectionbasics.com/insurance-basics/documenting-a-loss-properly.html,1,1,/style.css,True,standard,empty,standard,Article,False,False,root_relative, other_relative,False
insurance-basics/documenting-your-home-for-insurance.html,article,Documenting Your Home for Insurance,https://homeprotectionbasics.com/insurance-basics/documenting-your-home-for-insurance.html,1,1,/style.css,True,standard,empty,standard,Article,False,False,root_relative, other_relative,False
insurance-basics/dwelling-coverage-basics.html,article,Dwelling Coverage Basics,https://homeprotectionbasics.com/insurance-basics/dwelling-coverage-basics.html,1,1,/style.css,True,standard,empty,standard,Article,False,False,root_relative, other_relative,False
insurance-basics/earthquake-insurance-basics.html,article,Earthquake Insurance Basics,https://homeprotectionbasics.com/insurance-basics/earthquake-insurance-basics.html,1,1,/style.css,True,standard,empty,standard,Article,False,False,root_relative, other_relative,False
insurance-basics/flood-insurance-basics.html,article,Flood Insurance Basics,https://homeprotectionbasics.com/insurance-basics/flood-insurance-basics.html,1,1,/style.css,True,standard,empty,standard,Article,False,False,root_relative, other_relative,False
insurance-basics/home-business-insurance-basics.html,article,Home Business Insurance Basics,https://homeprotectionbasics.com/insurance-basics/home-business-insurance-basics.html,1,1,/style.css,True,standard,empty,standard,Article,False,False,root_relative, other_relative,False
insurance-basics/home-insurance-for-new-buyers.html,article,Home Insurance for New Buyers,https://homeprotectionbasics.com/insurance-basics/home-insurance-for-new-buyers.html,1,1,/style.css,True,standard,empty,standard,Article,False,False,root_relative, other_relative,False
insurance-basics/home-insurance-inspection-basics.html,article,Home Insurance Inspection Basics,https://homeprotectionbasics.com/insurance-basics/home-insurance-inspection-basics.html,1,1,/style.css,True,standard,empty,standard,Article,False,False,root_relative, other_relative,False
insurance-basics/home-insurance-myths.html,article,Home Insurance Myths,https://homeprotectionbasics.com/insurance-basics/home-insurance-myths.html,1,1,/style.css,True,standard,empty,standard,Article,False,False,root_relative, other_relative,False
insurance-basics/home-inventory-checklist.html,article,Home Inventory Checklist,https://homeprotectionbasics.com/insurance-basics/home-inventory-checklist.html,1,1,/style.css,True,standard,empty,standard,Article,False,False,root_relative, other_relative,False
insurance-basics/home-upgrades-that-affect-premiums.html,article,Home Upgrades That Affect Premiums,https://homeprotectionbasics.com/insurance-basics/home-upgrades-that-affect-premiums.html,1,1,/style.css,True,standard,empty,standard,Article,False,False,root_relative, other_relative,False
insurance-basics/homeowners-insurance-coverage-explained.html,article,Homeowners Insurance Coverage Explained,https://homeprotectionbasics.com/insurance-basics/homeowners-insurance-coverage-explained.html,1,1,/style.css,True,standard,empty,standard,Article,False,False,root_relative, other_relative,False
insurance-basics/how-insurance-premiums-are-calculated.html,article,How Insurance Premiums Are Calculated,https://homeprotectionbasics.com/insurance-basics/how-insurance-premiums-are-calculated.html,1,1,/style.css,True,standard,empty,standard,Article,False,False,root_relative, other_relative,False
insurance-basics/how-insurers-evaluate-risk.html,article,How Insurers Evaluate Risk,https://homeprotectionbasics.com/insurance-basics/how-insurers-evaluate-risk.html,1,1,/style.css,True,standard,empty,standard,Article,False,False,root_relative, other_relative,False
insurance-basics/how-to-shop-for-insurance.html,article,How to Shop for Insurance,https://homeprotectionbasics.com/insurance-basics/how-to-shop-for-insurance.html,1,1,/style.css,True,standard,empty,standard,Article,False,False,root_relative, other_relative,False
insurance-basics/index.html,category hub,Insurance Basics: Homeowners  Renters & Property Coverage,https://homeprotectionbasics.com/insurance-basics/,1,1,/style.css,True,standard,empty,standard,WebPage,False,False,root_relative,False
insurance-basics/insurance-adjuster-basics.html,article,Insurance Adjuster Basics,https://homeprotectionbasics.com/insurance-basics/insurance-adjuster-basics.html,1,1,/style.css,True,standard,empty,standard,Article,False,False,root_relative, other_relative,False
insurance-basics/insurance-cancellation-reasons.html,article,Insurance Cancellation Reasons,https://homeprotectionbasics.com/insurance-basics/insurance-cancellation-reasons.html,1,1,/style.css,True,standard,empty,standard,Article,False,False,root_relative, other_relative,False
insurance-basics/insurance-claim-process-basics.html,article,Insurance Claim Process Basics,https://homeprotectionbasics.com/insurance-basics/insurance-claim-process-basics.html,1,1,/style.css,True,standard,empty,standard,Article,False,False,root_relative, other_relative,False
insurance-basics/insurance-deductible-basics.html,article,Insurance Deductible Basics,https://homeprotectionbasics.com/insurance-basics/insurance-deductible-basics.html,1,1,/style.css,True,standard,empty,standard,Article,False,False,root_relative, other_relative,False
insurance-basics/insurance-endorsements-basics.html,article,Insurance Endorsements Basics,https://homeprotectionbasics.com/insurance-basics/insurance-endorsements-basics.html,1,1,/style.css,True,standard,empty,standard,Article,False,False,root_relative, other_relative,False
insurance-basics/insurance-for-condos-basics.html,article,Insurance for Condos Basics,https://homeprotectionbasics.com/insurance-basics/insurance-for-condos-basics.html,1,1,/style.css,True,standard,empty,standard,Article,False,False,root_relative, other_relative,False
insurance-basics/insurance-for-manufactured-homes.html,article,Insurance for Manufactured Homes,https://homeprotectionbasics.com/insurance-basics/insurance-for-manufactured-homes.html,1,1,/style.css,True,standard,empty,standard,Article,False,False,root_relative, other_relative,False
insurance-basics/insurance-for-rental-properties.html,article,Insurance for Rental Properties,https://homeprotectionbasics.com/insurance-basics/insurance-for-rental-properties.html,1,1,/style.css,True,standard,empty,standard,Article,False,False,root_relative, other_relative,False
insurance-basics/insurance-policy-review-basics.html,article,Insurance Policy Review Basics,https://homeprotectionbasics.com/insurance-basics/insurance-policy-review-basics.html,1,1,/style.css,True,standard,empty,standard,Article,False,False,root_relative, other_relative,False
insurance-basics/insurance-proof-and-documents.html,article,Insurance Proof and Documents,https://homeprotectionbasics.com/insurance-basics/insurance-proof-and-documents.html,1,1,/style.css,True,standard,empty,standard,Article,False,False,root_relative, other_relative,False
insurance-basics/landlord-liability-basics.html,article,Landlord Liability Basics,https://homeprotectionbasics.com/insurance-basics/landlord-liability-basics.html,1,1,/style.css,True,standard,empty,standard,Article,False,False,root_relative, other_relative,False
insurance-basics/liability-coverage-basics.html,article,Liability Coverage Basics,https://homeprotectionbasics.com/insurance-basics/liability-coverage-basics.html,1,1,/style.css,True,standard,empty,standard,Article,False,False,root_relative, other_relative,False
insurance-basics/loss-of-use-coverage-basics.html,article,Loss of Use Coverage Basics,https://homeprotectionbasics.com/insurance-basics/loss-of-use-coverage-basics.html,1,1,/style.css,True,standard,empty,standard,Article,False,False,root_relative, other_relative,False
insurance-basics/personal-property-coverage-basics.html,article,Personal Property Coverage Basics,https://homeprotectionbasics.com/insurance-basics/personal-property-coverage-basics.html,1,1,/style.css,True,standard,empty,standard,Article,False,False,root_relative, other_relative,False
insurance-basics/personal-property-limits-explained.html,article,Personal Property Limits Explained,https://homeprotectionbasics.com/insurance-basics/personal-property-limits-explained.html,1,1,/style.css,True,standard,empty,standard,Article,False,False,root_relative, other_relative,False
insurance-basics/renewing-your-insurance-policy.html,article,Renewing Your Insurance Policy,https://homeprotectionbasics.com/insurance-basics/renewing-your-insurance-policy.html,1,1,/style.css,True,standard,empty,standard,Article,False,False,root_relative, other_relative,False
insurance-basics/replacing-damaged-items-guide.html,article,Replacing Damaged Items Guide,https://homeprotectionbasics.com/insurance-basics/replacing-damaged-items-guide.html,1,1,/style.css,True,standard,empty,standard,Article,False,False,root_relative, other_relative,False
insurance-basics/roof-age-and-insurance-impact.html,article,Roof Age and Insurance Impact,https://homeprotectionbasics.com/insurance-basics/roof-age-and-insurance-impact.html,1,1,/style.css,True,standard,empty,standard,Article,False,False,root_relative, other_relative,False
insurance-basics/scheduling-high-value-items.html,article,Scheduling High-Value Items,https://homeprotectionbasics.com/insurance-basics/scheduling-high-value-items.html,1,1,/style.css,True,standard,empty,standard,Article,False,False,root_relative, other_relative,False
insurance-basics/sewer-backup-coverage-basics.html,article,Sewer Backup Coverage Basics,https://homeprotectionbasics.com/insurance-basics/sewer-backup-coverage-basics.html,1,1,/style.css,True,standard,empty,standard,Article,False,False,root_relative, other_relative,False
insurance-basics/storing-insurance-documents-safely.html,article,Storing Insurance Documents Safely,https://homeprotectionbasics.com/insurance-basics/storing-insurance-documents-safely.html,1,1,/style.css,True,standard,empty,standard,Article,False,False,root_relative, other_relative,False
insurance-basics/types-of-home-insurance-policies.html,article,Types of Home Insurance Policies,https://homeprotectionbasics.com/insurance-basics/types-of-home-insurance-policies.html,1,1,/style.css,True,standard,empty,standard,Article,False,False,root_relative, other_relative,False
insurance-basics/understanding-insurance-exclusions.html,article,Understanding Insurance Exclusions,https://homeprotectionbasics.com/insurance-basics/understanding-insurance-exclusions.html,1,1,/style.css,True,standard,empty,standard,Article,False,False,root_relative, other_relative,False
insurance-basics/understanding-policy-limits.html,article,Understanding Policy Limits,https://homeprotectionbasics.com/insurance-basics/understanding-policy-limits.html,1,1,/style.css,True,standard,empty,standard,Article,False,False,root_relative, other_relative,False
insurance-basics/what-does-renters-insurance-cover.html,article,What Does Renters Insurance Actually Cover?,https://homeprotectionbasics.com/insurance-basics/what-does-renters-insurance-cover.html,1,1,/style.css,True,standard,empty,standard,Article,False,False,root_relative, other_relative,False
insurance-basics/what-to-do-after-a-burglary.html,article,What to Do After a Burglary,https://homeprotectionbasics.com/insurance-basics/what-to-do-after-a-burglary.html,1,1,/style.css,True,standard,empty,standard,Article,False,False,root_relative, other_relative,False
insurance-basics/what-to-do-after-a-house-fire.html,article,What to Do After a House Fire,https://homeprotectionbasics.com/insurance-basics/what-to-do-after-a-house-fire.html,1,1,/style.css,True,standard,empty,standard,Article,False,False,root_relative, other_relative,False
insurance-basics/when-to-re-shop-insurance.html,article,When to Re-Shop Your Insurance,https://homeprotectionbasics.com/insurance-basics/when-to-re-shop-insurance.html,1,1,/style.css,True,standard,empty,standard,Article,False,False,root_relative, other_relative,False
insurance-basics/wildfire-insurance-basics.html,article,Wildfire Insurance Basics,https://homeprotectionbasics.com/insurance-basics/wildfire-insurance-basics.html,1,1,/style.css,True,standard,empty,standard,Article,False,False,root_relative, other_relative,False
insurance-basics/wind-and-hail-coverage-basics.html,article,Wind and Hail Coverage Basics,https://homeprotectionbasics.com/insurance-basics/wind-and-hail-coverage-basics.html,1,1,/style.css,True,standard,empty,standard,Article,False,False,root_relative, other_relative,False
